75903,-0.23,-0.56,0.80,-14.83,1.10,-0.31
75904,-0.24,-0.56,0.83,-10.19,3.48,-1.53
75905,-0.22,-0.57,0.83,-9.95,6.59,-4.27
75906,-0.17,-0.57,0.86,-9.52,1.16,-1.95
75907,-0.24,-0.55,0.84,-0.61,1.10,-1.28
75908,-0.09,-0.64,0.73,-7.45,-6.47,12.21
75909,-0.22,-0.51,0.80,-11.78,-3.91,9.16
75910,-0.20,-0.58,0.84,-20.39,-9.16,-1.34
75911,-0.21,-0.58,0.82,-3.11,1.59,2.56
75912,-0.18,-0.60,0.84,-8.85,2.38,2.26
75913,-0.22,-0.58,0.81,-8.30,-4.58,2.20
75914,-0.21,-0.59,0.83,-13.43,1.16,6.65
75915,-0.18,-0.60,0.82,-10.38,12.27,9.46
75916,-0.23,-0.60,0.84,-17.09,15.93,3.42
75917,-0.18,-0.51,0.84,-52.00,14.53,10.44
75918,-0.21,-0.56,0.75,-22.77,-6.23,-8.12
75919,-0.26,-0.66,0.68,-11.78,6.23,-7.32
75920,-0.26,-0.63,0.72,-16.36,5.86,-11.11
75921,-0.22,-0.67,0.75,-52.00,1.04,-13.12
75922,-0.25,-0.72,0.72,-34.36,4.64,-8.36
75923,-0.23,-0.69,0.67,-66.96,16.11,5.74
75924,-0.26,-0.77,0.55,-53.53,19.41,10.56
75925,-0.18,-0.70,0.69,-64.21,25.21,0.98
75926,-0.26,-0.81,0.68,-22.16,-25.70,-9.95
75927,-0.21,-0.81,0.56,64.94,-18.37,-2.99
75928,-0.26,-0.74,0.72,-34.85,16.11,16.91
75929,-0.24,-0.65,0.59,-0.85,8.73,12.57
75930,-0.32,-0.81,0.65,-27.28,-10.50,1.89
75931,-0.31,-0.73,0.60,21.12,-15.93,-0.12
75932,-0.27,-0.72,0.57,5.37,-7.02,-12.88
75933,-0.28,-0.73,0.57,-11.60,13.67,-5.80
75934,-0.29,-0.73,0.61,-28.87,6.16,-3.42
75935,-0.30,-0.79,0.62,-64.39,18.80,6.16
75936,-0.25,-0.82,0.61,-81.12,18.13,-3.85
75937,-0.29,-0.79,0.42,-68.66,12.39,-12.57
75938,-0.27,-0.82,0.37,-51.39,9.22,-7.87
75939,-0.26,-0.85,0.32,-19.53,13.24,-14.89
75940,-0.27,-0.85,0.26,9.28,4.58,-10.99
75941,-0.25,-0.83,0.34,34.97,-3.91,-11.84
75942,-0.25,-0.79,0.37,70.92,1.28,-13.00
75943,-0.24,-0.72,0.47,92.53,-16.30,-3.23
75944,-0.23,-0.72,0.59,132.87,-34.12,5.80
75945,-0.22,-0.64,0.66,141.66,-45.04,10.07
75946,-0.23,-0.61,0.76,144.10,-46.63,-1.40
75947,-0.21,-0.48,0.87,104.25,-40.16,-2.87
75948,-0.15,-0.49,0.88,79.83,-24.60,5.00
75949,-0.12,-0.44,0.98,99.67,-33.20,3.85
75950,-0.29,-0.65,0.92,81.24,-44.25,-21.97
75951,0.11,-0.21,1.06,86.98,-59.75,-15.26
75952,0.23,-0.06,1.13,47.30,-2.08,-21.97
75953,-0.12,-0.38,1.13,43.88,7.63,4.52
75954,-0.06,-0.24,1.11,-4.76,-9.16,-7.14
75955,-0.02,-0.23,1.04,-11.11,10.50,-3.17
75956,-0.04,-0.27,0.99,-16.72,20.75,-4.39
75957,-0.11,-0.31,1.04,-27.59,13.31,-12.76
75958,-0.09,-0.31,0.97,-19.90,11.72,-0.92
75959,-0.04,-0.23,1.02,-21.00,10.86,-3.85
75960,-0.11,-0.40,0.74,-25.88,4.94,-8.30
75961,-0.09,-0.30,0.89,-39.31,55.60,-9.83
75962,-0.15,-0.43,1.09,-40.53,34.79,-6.29
75963,0.21,-0.33,1.01,-40.41,3.30,-9.03
75964,0.12,-0.34,1.26,-43.58,-19.17,-5.07
75965,-0.16,-0.37,1.03,-5.62,-0.73,-4.58
75966,0.19,-0.36,1.15,6.59,15.63,15.20
75967,-0.13,-0.36,1.00,-22.89,33.26,13.06
75968,-0.16,-0.47,0.91,-14.95,3.42,12.21
75969,-0.15,-0.41,0.97,-21.24,1.34,9.34
75970,-0.07,-0.40,0.94,-31.31,-2.08,8.12
75971,-0.13,-0.42,0.93,-39.25,3.48,3.42
75972,-0.12,-0.56,0.95,-28.14,-14.34,5.74
75973,-0.18,-0.48,0.87,-45.04,-3.48,8.48
75974,-0.20,-0.56,0.88,-37.29,-12.76,-7.39
75975,-0.12,-0.39,0.84,-35.03,-18.92,-33.20
75976,-0.04,-0.56,0.89,-40.22,-33.39,-8.91
75977,-0.10,-0.57,0.86,-48.16,-22.03,11.23
75978,-0.06,-0.56,0.98,-72.75,-14.71,15.38
75979,-0.10,-0.59,0.93,-112.73,-17.15,24.90
75980,-0.18,-0.69,0.62,-120.24,-25.76,4.82
75981,-0.02,-0.79,0.52,-86.49,-3.66,-1.10
75982,-0.06,-0.80,0.58,-55.30,4.39,2.44
75983,-0.08,-0.81,0.55,-43.40,-6.04,0.61
75984,-0.09,-0.81,0.57,-27.83,0.67,0.24
75985,-0.06,-0.82,0.59,-12.94,-2.20,-5.25
75986,-0.04,-0.84,0.58,-7.45,8.00,5.74
75987,-0.08,-0.79,0.56,-3.66,11.17,-4.82
75988,-0.14,-0.93,0.55,2.08,11.17,18.68
75989,-0.10,-0.81,0.57,2.44,9.16,-10.01
75990,-0.06,-0.80,0.61,3.66,4.03,-11.35
75991,-0.07,-0.82,0.62,-0.85,11.05,-5.98
75992,-0.06,-0.82,0.62,10.74,14.59,-8.42
75993,-0.03,-0.79,0.68,2.01,10.74,-14.34
75994,-0.08,-0.81,0.59,13.92,-1.04,-9.77
75995,0.12,-0.44,0.82,0.37,13.24,0.24
75996,-0.02,-0.72,0.50,14.89,0.12,-7.39
75997,-0.08,-0.80,0.56,24.41,6.04,-10.99
75998,-0.10,-0.73,0.64,54.63,19.23,-9.40
75999,-0.15,-0.77,0.67,76.35,7.39,-11.96
76000,0.07,-0.73,0.72,70.31,45.17,-15.50
76001,-0.13,-0.65,0.77,73.06,78.06,-6.29
76002,-0.03,-0.64,0.75,79.10,77.76,-5.62
76003,-0.25,-0.56,0.75,93.20,92.41,-1.59
76004,-0.08,-0.52,0.84,86.67,74.28,-4.94
76005,-0.30,-0.42,0.87,89.60,104.25,-0.61
76006,-0.55,-0.23,0.91,49.87,26.55,-3.36
76007,-0.40,-0.33,0.85,14.77,-1.53,-2.56
76008,-0.42,-0.36,0.80,20.14,-41.26,6.23
76009,-0.31,-0.32,1.01,-2.26,-100.46,13.92
76010,-0.12,-0.44,0.84,-6.65,-77.70,6.29
76011,-0.26,-0.28,0.94,12.63,-99.00,17.33
76012,-0.20,-0.28,1.05,-65.98,-215.64,17.70
76013,0.20,-0.52,0.64,-69.52,-213.07,21.79
76014,0.05,-0.45,0.82,3.60,-144.53,2.87
76015,0.54,-0.43,0.96,13.61,-105.59,-19.17
76016,0.30,-0.40,0.93,1.34,-60.24,9.58
76017,0.36,-0.40,0.85,11.60,-79.35,-10.31
76018,0.40,-0.40,0.93,5.43,-29.60,6.04
76019,0.39,-0.37,0.98,-0.73,12.39,-3.54
76020,0.44,-0.46,0.84,5.86,59.08,-20.32
76021,0.33,-0.38,0.97,49.32,162.54,-54.08
76022,0.23,-0.26,1.16,27.34,206.54,-56.64
76023,0.14,-0.35,0.94,-15.38,198.73,-43.88
76024,-0.18,-0.27,0.92,-3.48,167.97,-30.15
76025,-0.07,-0.35,0.88,-9.70,116.09,-18.62
76026,-0.35,-0.27,0.90,-10.80,75.32,-6.41
76027,-0.29,-0.36,0.84,-28.63,8.30,1.46
76028,-0.27,-0.33,0.97,-33.69,-39.67,11.54
76029,-0.30,-0.34,0.95,-55.30,-85.14,13.00
76030,-0.09,-0.44,0.85,-73.91,-155.76,11.35
76031,0.05,-0.51,0.88,-29.66,-50.11,14.22
76032,-0.06,-0.45,0.95,-17.15,-13.85,2.99
76033,0.00,-0.57,0.79,-29.54,-17.03,5.25
76034,0.14,-0.49,0.92,-5.92,-2.75,2.26
76035,-0.00,-0.45,0.89,3.17,12.57,0.43
76036,-0.03,-0.45,0.93,-6.53,-13.18,2.14
76037,0.01,-0.49,0.88,-3.05,1.28,-1.95
76038,-0.06,-0.44,0.94,-0.61,4.64,-0.61
76039,-0.02,-0.46,0.90,-6.96,-4.39,-1.22
76040,-0.01,-0.46,0.91,-0.37,5.31,-4.27
76041,0.02,-0.46,0.93,-2.93,2.56,-1.71
76042,0.02,-0.47,0.92,-5.92,2.56,-1.04
76043,-0.02,-0.46,0.91,-1.10,7.57,-3.66
76044,-0.02,-0.45,0.92,-6.71,4.94,-2.87
76045,-0.00,-0.48,0.90,-0.73,9.83,-6.77
76046,-0.03,-0.45,0.91,1.71,17.76,-5.86
76047,-0.05,-0.46,0.90,-5.13,8.24,-3.91
76048,-0.02,-0.47,0.89,1.28,13.61,-5.55
76049,-0.05,-0.44,0.93,2.01,18.07,-4.76
76050,-0.03,-0.46,0.83,-3.11,-21.85,-2.32
76051,0.03,-0.49,0.88,0.73,-22.77,-8.54
76052,-0.03,-0.43,0.95,-7.81,1.46,-9.16
76053,-0.02,-0.43,0.90,-2.69,2.50,-30.76
76054,-0.02,-0.48,0.90,-12.21,-9.77,-10.44
76055,-0.00,-0.45,0.87,-8.97,-6.29,-8.79
76056,0.01,-0.45,0.96,-10.80,2.81,-0.37
76057,-0.00,-0.48,0.90,-7.63,-17.21,-3.42
76058,0.01,-0.43,0.91,-9.16,-17.40,0.67
76059,0.00,-0.48,0.92,-9.22,-9.40,0.49
76060,0.05,-0.50,0.90,7.75,-13.24,11.78
76061,0.11,-0.46,0.91,1.28,-13.00,3.48
76062,0.08,-0.47,0.89,-19.90,-2.01,11.90
76063,0.03,-0.40,0.93,-13.92,-2.14,2.14
76064,-0.02,-0.64,0.83,-6.16,-5.49,-3.30
76065,0.06,-0.46,0.88,38.94,-35.89,-27.10
76066,0.04,-0.33,0.88,19.41,-33.02,-27.77
76067,0.10,-0.41,0.93,-3.17,-16.36,-7.14
76068,0.13,-0.46,0.84,-9.83,-14.16,4.88
76069,0.16,-0.48,0.87,-32.35,-1.83,9.09
76070,0.09,-0.60,0.84,-42.54,24.60,6.04
76071,0.09,-0.47,0.88,1.77,15.56,-2.75
76072,0.07,-0.48,0.87,19.96,0.79,-9.40
76073,0.07,-0.45,0.86,25.39,6.96,-5.19
76074,0.03,-0.45,0.93,18.98,10.01,2.38
76075,0.04,-0.44,0.89,21.48,18.80,2.32
76076,-0.00,-0.39,0.96,28.56,37.90,-6.71
76077,0.08,-0.43,0.86,22.89,58.17,-23.86
76078,0.01,-0.38,0.90,42.42,109.19,-26.49
76079,0.01,-0.38,0.95,26.98,86.30,-32.23
76080,-0.15,-0.35,0.88,33.02,137.94,-30.09
76081,-0.40,-0.27,0.94,9.70,64.45,-10.44
76082,-0.32,-0.31,0.89,-1.10,37.84,-6.10
76083,-0.44,-0.29,0.91,-8.91,5.80,3.36
76084,-0.56,-0.26,0.95,-34.36,-105.22,16.11
76085,-0.09,-0.45,0.68,-48.83,-190.06,14.71
76086,-0.00,-0.44,0.75,9.70,-108.09,18.07
76087,-0.08,-0.33,0.98,15.75,-124.08,27.83
76088,0.36,-0.49,0.83,-2.32,-123.72,26.86
76089,0.14,-0.40,0.89,34.12,-6.35,3.30
76090,0.03,-0.26,1.06,19.59,-31.56,14.83
76091,0.20,-0.38,0.91,13.61,-6.35,2.14
76092,-0.03,-0.24,1.02,18.98,42.54,-12.02
76093,0.08,-0.32,0.95,1.16,5.98,-11.78
76094,0.22,-0.41,0.76,22.46,65.73,-34.06
76095,-0.21,-0.19,1.06,18.31,92.41,-27.47
76096,-0.00,-0.32,0.93,-5.25,33.33,-15.38
76097,-0.10,-0.28,0.96,6.53,70.68,-23.01
76098,-0.08,-0.29,0.94,6.84,64.09,-22.58
76099,-0.16,-0.29,0.89,15.26,80.38,-25.09
76100,-0.27,-0.25,0.96,8.97,39.86,-11.29
76101,-0.27,-0.28,0.86,11.66,35.46,-13.12
76102,-0.45,-0.23,0.91,2.38,-4.09,-2.69
76103,-0.10,-0.33,0.78,-14.34,-78.61,7.57
76104,-0.13,-0.32,0.83,15.38,-0.85,6.59
76105,-0.33,-0.18,1.05,18.01,-9.03,-1.53
76106,-0.17,-0.23,0.98,5.19,-21.85,-7.93
76107,-0.25,-0.21,0.98,-6.96,-20.94,0.92
76108,-0.37,-0.19,1.02,-24.35,-85.39,18.98
76109,-0.10,-0.28,0.89,-42.36,-142.70,30.64
76110,-0.02,-0.39,0.81,-23.50,-70.01,13.49
76111,-0.05,-0.31,0.96,-3.91,-49.01,4.76
76112,-0.03,-0.25,1.03,-29.91,-92.90,16.36
76113,0.27,-0.44,0.79,-35.28,-59.27,3.72
76114,0.11,-0.36,0.92,9.40,12.02,-10.62
76115,0.13,-0.33,0.98,-1.22,-23.50,1.10
76116,0.15,-0.36,0.93,-1.65,-11.41,-1.46
76117,0.07,-0.31,0.96,-0.31,-1.89,-3.42
76118,0.08,-0.33,0.95,-5.19,-10.68,0.61
76119,0.09,-0.34,0.95,-9.89,-15.20,1.16
76120,0.16,-0.42,0.87,-2.01,10.19,-6.77
76121,0.12,-0.38,0.89,16.91,38.82,-20.57
76122,0.06,-0.31,0.97,11.66,41.99,-17.76
76123,0.07,-0.35,0.94,7.08,57.92,-25.21
76124,-0.02,-0.32,0.93,10.44,68.97,-28.44
76125,-0.02,-0.32,0.91,10.01,66.28,-27.22
76126,-0.14,-0.30,0.95,7.69,50.78,-21.42
76127,-0.12,-0.33,0.93,3.42,41.81,-14.04
76128,-0.18,-0.31,0.93,5.37,46.45,-14.22
76129,-0.13,-0.35,0.91,3.85,28.63,-12.57
76130,-0.20,-0.33,0.88,9.22,40.28,-14.83
76131,-0.26,-0.25,0.90,7.87,23.32,-9.64
76132,-0.26,-0.28,0.90,5.62,8.61,-5.25
76133,-0.33,-0.27,0.94,-1.59,-15.14,0.85
76134,-0.35,-0.24,0.97,-15.44,-54.44,6.77
76135,-0.25,-0.32,0.88,-24.78,-91.31,11.84
76136,-0.20,-0.30,0.87,-18.55,-124.08,14.10
76137,-0.13,-0.22,0.99,-37.60,-161.13,39.00
76138,0.14,-0.37,0.90,-77.88,-164.37,44.25
76139,0.29,-0.56,0.71,-73.12,-97.41,34.48
76140,0.50,-0.76,0.62,-14.28,-33.45,6.53
76141,0.15,-0.41,0.90,45.78,15.69,-24.05
76142,0.18,-0.32,0.97,11.29,-15.75,-3.91
76143,0.17,-0.43,0.88,-18.43,-26.67,9.64
76144,0.22,-0.51,0.80,6.96,-8.06,-1.22
76145,0.21,-0.44,0.87,23.93,30.15,-13.49
76146,0.30,-0.53,0.86,28.99,58.84,-23.62
76147,0.18,-0.37,0.78,62.93,186.58,-55.85
76148,0.07,-0.32,0.93,56.52,179.69,-48.71
76149,-0.08,-0.33,0.89,45.47,178.41,-26.79
76150,-0.47,-0.16,0.94,26.00,108.64,0.85
76151,-0.29,-0.30,0.78,18.31,58.96,3.60
76152,-0.52,-0.22,0.85,28.38,72.08,5.55
76153,-0.54,-0.20,0.89,12.57,-12.21,12.70
76154,-0.26,-0.36,0.66,26.43,-35.89,13.37
76155,-0.28,-0.22,0.77,78.25,-46.51,28.87
76156,-0.23,-0.10,0.94,82.40,-68.54,51.70
76157,-0.21,-0.07,0.87,95.76,-57.01,48.89
76158,-0.25,0.17,1.15,67.08,-43.21,44.92
76159,-0.28,0.06,0.98,41.93,-42.54,29.79
76160,-0.12,0.14,0.92,54.20,-42.85,26.73
76161,-0.29,0.23,1.09,44.56,-33.81,15.75
76162,-0.12,0.20,1.02,25.76,-36.56,10.44
76163,-0.11,0.19,0.98,16.97,-25.88,14.04
76164,-0.11,0.24,1.03,13.06,-26.25,13.79
76165,-0.15,0.34,1.16,-12.63,-42.48,18.07
76166,-0.09,0.42,1.26,-60.67,-83.80,52.25
76167,-0.14,0.34,1.07,-118.04,-135.62,96.13
76168,0.08,-0.04,0.83,-102.05,-113.83,65.31
76169,0.18,-0.15,0.84,-67.14,-56.09,42.72
76170,0.33,-0.20,0.87,-29.85,-25.15,0.67
76171,0.37,-0.17,0.94,-20.08,-18.31,-0.67
76172,0.36,-0.16,0.95,-17.58,-18.07,2.56
76173,0.24,-0.16,0.97,-13.49,-13.55,4.76
76174,0.28,-0.15,0.93,-10.56,-12.39,5.00
76175,0.25,-0.13,0.97,-7.69,1.53,5.62
76176,0.30,-0.13,0.99,-13.79,26.43,-3.42
76177,0.27,-0.08,1.13,-32.10,67.44,-12.15
76178,0.20,-0.14,1.11,-60.73,60.36,-4.03
76179,0.18,-0.35,0.81,-48.46,61.71,-12.63
76180,0.15,-0.27,0.91,-21.79,98.94,-22.77
76181,-0.10,-0.20,1.08,-44.56,86.73,-21.85
76182,-0.07,-0.28,0.94,-73.00,40.59,-3.23
76183,-0.06,-0.39,0.87,-73.73,18.19,1.65
76184,-0.05,-0.46,0.83,-61.46,35.16,0.06
76185,-0.16,-0.45,0.85,-63.60,29.42,5.49
76186,-0.15,-0.49,0.80,-73.49,-0.49,7.69
76187,-0.09,-0.57,0.73,-46.88,21.24,-4.27
76188,-0.20,-0.54,0.83,-44.86,24.17,6.96
76189,-0.22,-0.54,0.79,-43.03,-18.37,-8.00
76190,-0.14,-0.58,0.76,-45.23,-19.47,-2.38
76191,-0.19,-0.63,0.79,-43.27,-34.61,5.55
76192,-0.18,-0.64,0.68,-47.97,-52.25,4.21
76193,-0.10,-0.72,0.59,-35.71,-57.07,-0.43
76194,0.05,-0.80,0.56,-3.97,-28.50,-0.61
76195,-0.05,-0.74,0.63,21.42,-7.51,0.37
76196,-0.05,-0.73,0.59,37.11,-43.82,-2.14
76197,0.13,-0.78,0.46,83.44,-47.24,-1.34
76198,-0.05,-0.49,0.80,128.78,15.87,-3.54
76199,-0.10,-0.35,0.92,105.10,-29.72,3.30
76200,-0.09,-0.35,0.83,110.53,-49.87,-9.95
76201,-0.01,-0.30,0.83,144.90,-49.99,-19.35
76202,0.10,-0.20,0.96,148.93,-34.00,-25.70
76203,0.02,-0.04,1.12,115.36,-18.07,-21.12
76204,0.19,0.02,1.03,91.55,-39.55,-6.71
76205,0.01,0.01,1.07,67.57,0.43,-6.41
76206,0.08,0.13,1.19,27.95,-0.55,-4.21
76207,0.07,0.07,1.10,0.67,-9.28,2.38
76208,0.06,-0.02,0.94,9.09,7.69,-12.76
76209,0.07,0.09,1.12,7.87,15.69,-21.55
76210,0.08,0.02,1.06,-21.12,-3.05,-3.42
76211,0.13,-0.12,0.94,-19.65,-4.46,-10.25
76212,0.08,-0.01,0.98,-10.07,2.87,-9.70
76213,0.11,-0.02,0.94,-5.86,-2.81,-9.34
76214,0.04,-0.03,0.98,-0.06,1.71,-4.46
76215,0.06,-0.00,1.04,-1.46,-6.41,-10.13
76216,0.08,-0.01,1.00,-6.96,-6.90,-5.25
76217,0.06,-0.03,0.99,-5.07,-4.82,-6.41
76218,0.06,-0.03,0.99,-3.36,-2.38,-3.36
76219,0.05,-0.03,0.99,-3.42,-2.69,-1.22
76220,0.05,-0.02,1.02,-4.03,-5.25,-1.65
76221,0.08,-0.03,1.01,-7.69,-8.97,-2.08
76222,0.03,-0.08,0.96,-2.32,-4.27,0.00
76223,0.07,-0.04,1.00,1.40,-6.84,-1.40
76224,0.06,-0.05,0.98,-0.24,-11.23,-1.46
76225,0.06,-0.05,0.99,0.92,-8.79,2.01
76226,0.07,-0.03,1.02,2.14,-8.06,-0.31
76227,0.08,-0.02,1.03,-0.92,-7.87,-3.23
76228,0.08,-0.03,1.00,0.49,-2.93,-3.91
76229,0.09,-0.01,1.03,-0.12,-0.79,-4.70
76230,0.06,-0.05,1.01,-5.68,0.61,0.06
76231,0.06,-0.06,0.96,-6.35,-5.07,-3.23
76232,0.06,-0.05,0.98,0.73,-2.38,-5.00
76233,0.10,-0.04,1.02,-0.24,-5.62,-2.38
76234,0.08,-0.05,1.00,0.18,-4.82,-3.66
76235,0.07,-0.04,1.00,-0.06,-5.19,-2.32
76236,0.06,-0.05,0.99,-0.73,-5.74,-1.89
76237,0.07,-0.05,0.99,1.95,-4.70,-1.89
76238,0.06,-0.05,1.00,0.18,-5.25,-2.50
76239,0.07,-0.04,1.02,0.67,-3.66,-2.38
76240,0.07,-0.04,1.02,1.10,-3.91,-2.87
76241,0.08,-0.04,1.01,-0.31,-3.85,-3.91
76242,0.06,-0.06,0.98,-0.49,-3.30,-1.95
76243,0.06,-0.05,0.99,1.65,-3.78,-3.05
76244,0.08,-0.03,1.01,1.46,-5.80,-3.23
76245,0.07,-0.04,1.00,-0.18,-4.64,-1.77
76246,0.07,-0.04,0.98,1.77,-2.99,-3.72
76247,0.07,-0.03,1.02,3.17,-3.97,-5.19
76248,0.08,-0.04,1.02,-0.18,-5.19,-3.42
76249,0.06,-0.04,1.00,0.00,-3.91,-0.92
76250,0.06,-0.04,0.99,0.00,-4.46,-2.20
76251,0.08,-0.04,0.99,1.59,-5.74,-2.14
76252,0.07,-0.03,1.00,1.04,-3.23,-0.55
76253,0.06,-0.03,1.01,-1.65,-3.78,-3.30
76254,0.07,-0.04,0.98,-1.10,-3.48,-2.93
76255,0.06,-0.04,1.00,1.28,-4.39,-2.56
76256,0.07,-0.04,1.01,-0.61,-6.35,-3.11
76257,0.06,-0.04,1.00,0.43,-8.91,-3.48
76258,0.04,-0.05,1.02,-1.65,-17.88,-1.95
76259,-0.19,0.32,1.29,-18.43,-113.10,17.33
76260,0.30,-0.28,0.69,-49.68,-149.48,51.76
76261,0.25,-0.14,0.83,4.39,-54.02,-4.94
76262,0.41,0.04,1.10,-0.24,-24.90,-8.42
76263,0.46,-0.23,0.80,-25.27,-39.06,13.37
76264,0.26,-0.28,0.66,39.79,103.82,-50.54
76265,0.25,0.05,1.21,13.06,145.39,-48.58
76266,-0.00,0.03,1.12,-31.07,153.69,-48.28
76267,-0.08,-0.08,0.87,-23.99,55.66,-31.56
76268,0.02,-0.16,0.84,10.31,13.24,-11.05
76269,-0.03,-0.08,1.04,18.19,20.39,-8.00
76270,-0.02,-0.06,1.05,-1.89,-12.63,5.07
76271,-0.07,-0.10,0.97,7.87,2.26,-0.37
76272,-0.05,-0.03,1.06,6.59,-4.70,-1.65
76273,-0.03,-0.08,1.00,-7.08,-13.00,-0.37
76274,-0.04,-0.11,0.96,-4.88,-10.07,0.98
76275,-0.01,-0.10,0.96,3.42,-11.17,-0.92
76276,-0.01,-0.05,1.05,1.65,-9.70,0.79
76277,-0.01,-0.08,1.00,-0.31,-5.25,-3.23
76278,-0.01,-0.08,0.99,-0.85,-8.97,1.65
76279,-0.00,-0.08,0.98,0.12,-7.08,0.49
76280,-0.02,-0.11,0.96,4.64,-5.13,-4.15
76281,0.01,-0.05,1.04,7.75,-6.59,0.18
76282,-0.02,-0.09,0.99,4.27,0.55,-3.72
76283,0.02,-0.05,1.01,1.95,-3.54,-4.33
76284,-0.01,-0.06,1.02,-2.01,-9.52,2.08
76285,-0.01,-0.08,0.98,-1.34,-7.32,-2.38
76286,-0.01,-0.08,0.99,3.11,-1.40,-2.62
76287,-0.00,-0.06,1.02,0.43,-4.52,-0.61
76288,0.00,-0.08,0.97,0.49,-2.62,-2.26
76289,-0.02,-0.06,1.02,6.04,1.04,-4.64
76290,0.01,-0.05,1.02,1.28,-5.19,-1.40
76291,-0.01,-0.06,1.02,-2.99,-5.43,-1.16
76292,-0.01,-0.08,0.97,-2.32,-1.77,-2.93
76293,-0.01,-0.07,1.00,0.85,-1.77,-2.38
76294,-0.01,-0.07,1.00,-0.18,-3.54,-2.62
76295,-0.02,-0.07,1.00,0.24,-3.30,-2.69
76296,-0.01,-0.07,1.01,1.10,-1.95,-4.21
76297,-0.02,-0.08,0.98,-0.24,0.00,-4.64
76298,-0.03,-0.07,1.00,1.16,2.01,-5.07
76299,-0.02,-0.06,1.04,-7.87,-2.14,-5.74
76300,-0.07,0.00,1.13,-46.81,5.00,0.61
76301,-0.08,-0.04,1.17,-87.71,18.37,13.79
76302,-0.09,-0.12,1.05,-142.76,-20.81,34.61
76303,0.06,-0.18,1.08,-173.52,-8.85,-11.60
76304,-0.08,-0.47,0.68,-122.86,2.75,19.17
76305,-0.07,-0.59,0.55,-70.13,14.47,2.93
76306,-0.04,-0.54,0.62,28.38,-12.27,-20.94
76307,0.02,-0.46,0.82,75.62,-31.01,-20.75
76308,0.09,-0.43,0.89,87.95,-28.38,-8.85
76309,-0.05,-0.27,0.97,96.68,-12.08,-13.43
76310,-0.01,-0.17,1.03,86.06,-12.88,-20.39
76311,-0.11,-0.10,1.14,65.37,-6.41,-11.41
76312,-0.06,-0.11,1.13,17.33,-27.59,-9.09
76313,0.06,-0.19,0.97,8.30,-17.09,-3.11
76314,0.04,-0.17,0.98,15.99,-3.78,-3.11
76315,0.04,-0.15,1.01,10.93,-7.39,-0.98
76316,0.03,-0.16,0.99,4.15,-8.67,-1.89
76317,0.01,-0.15,0.99,3.23,-5.13,-0.31
76318,0.02,-0.14,1.01,5.80,-0.98,-3.78
76319,0.03,-0.13,1.02,-0.98,-5.49,-2.87
76320,0.04,-0.15,0.99,-3.23,-5.25,-0.31
76321,0.04,-0.17,0.95,-1.10,-4.46,-2.87
76322,0.02,-0.13,1.01,2.08,-0.85,-4.03
76323,0.03,-0.15,0.99,-2.44,-4.15,-0.85
76324,0.02,-0.15,0.99,-3.91,-0.85,-2.69
76325,0.04,-0.16,0.98,-3.11,-6.77,1.22
76326,0.03,-0.16,0.96,0.67,-6.84,-3.78
76327,0.04,-0.15,0.99,1.83,-4.88,-2.69
76328,0.03,-0.16,0.98,-0.12,-6.29,-1.53
76329,0.03,-0.15,0.99,2.26,-5.19,-2.62
76330,0.03,-0.15,1.00,0.12,-2.62,-1.71
76331,0.03,-0.15,0.98,-0.55,-4.76,-2.99
76332,0.03,-0.16,0.98,0.31,-4.76,-2.87
76333,0.03,-0.15,0.99,2.32,-5.43,-1.34
76334,0.03,-0.15,0.98,1.77,-6.96,-1.89
76335,0.03,-0.15,0.98,4.70,-6.65,-1.34
76336,0.04,-0.14,1.00,5.80,-7.63,-0.85
76337,0.03,-0.15,1.00,2.93,-5.07,-1.10
76338,0.04,-0.13,1.00,3.23,-3.91,-3.72
76339,0.04,-0.14,0.99,2.50,-8.54,-0.73
76340,0.04,-0.15,0.97,3.17,-7.63,-2.50
76341,0.05,-0.12,1.01,5.25,-6.04,-2.32
76342,0.04,-0.13,1.00,1.10,-9.46,-1.22
76343,0.04,-0.15,0.96,5.25,-13.61,-1.53
76344,0.04,-0.15,0.96,8.91,-24.72,-0.24
76345,0.13,-0.10,1.04,13.18,-58.72,8.79
76346,0.12,-0.07,1.12,-4.03,-78.55,16.66
76347,0.19,-0.13,1.02,-26.37,-91.98,27.89
76348,0.20,-0.18,0.89,-22.83,-86.49,15.50
76349,0.27,-0.22,0.83,3.30,-44.07,-3.66
76350,0.31,-0.13,0.99,19.35,-15.38,-18.80
76351,0.36,-0.10,1.03,8.61,-14.40,-9.64
76352,0.32,-0.13,0.97,-5.00,8.48,-1.71
76353,0.30,-0.13,0.96,-3.05,23.74,-5.49
76354,0.30,-0.14,0.99,1.46,64.21,-15.75
76355,0.22,-0.06,1.12,-25.88,107.12,-16.97
76356,0.16,-0.13,0.97,-26.31,54.02,-9.58
76357,0.09,-0.21,0.86,-8.12,20.20,-7.87
76358,0.11,-0.19,0.94,4.27,15.93,-7.45
76359,0.06,-0.17,1.02,-4.76,3.85,-0.55
76360,0.09,-0.20,0.94,0.55,0.49,-4.39
76361,0.06,-0.14,1.02,5.37,3.48,-2.69
76362,0.07,-0.16,1.01,-4.70,-5.00,-1.89
76363,0.09,-0.19,0.96,-4.70,-3.66,-2.62
76364,0.07,-0.18,0.96,4.76,-0.73,-4.15
76365,0.05,-0.15,1.00,3.48,-2.81,-3.42
76366,0.07,-0.17,0.99,-0.31,-2.62,-2.69
76367,0.08,-0.17,0.97,4.15,0.00,-3.78
76368,0.05,-0.16,0.99,5.98,2.69,-3.54
76369,0.06,-0.16,0.99,2.08,-1.28,-1.83
76370,0.04,-0.17,0.97,1.53,-0.98,-1.89
76371,0.05,-0.16,0.98,9.46,2.20,-6.96
76372,0.06,-0.14,1.02,10.07,1.40,-3.54
76373,0.06,-0.14,1.00,2.62,-8.67,-0.31
76374,0.09,-0.20,0.96,7.81,1.89,-5.25
76375,0.04,-0.12,0.96,13.98,3.60,-6.84
76376,0.09,-0.30,0.59,44.13,-6.77,-11.17
76377,0.05,-0.11,0.75,118.65,17.03,-29.05
76378,0.05,0.23,1.33,95.03,-19.29,-19.10
76379,0.03,0.15,1.12,32.10,-20.63,-3.11
76380,0.04,0.14,1.04,25.57,-7.20,-5.19
76381,0.05,0.24,1.22,-6.35,3.05,1.59
76382,0.00,0.18,1.26,-48.52,-3.05,12.08
76383,0.07,0.14,1.10,-105.77,-47.49,40.47
76384,0.15,-0.06,0.96,-119.45,-31.74,44.68
76385,0.07,-0.12,0.97,-118.16,21.61,25.39
76386,0.05,-0.16,1.05,-136.96,13.85,32.47
76387,-0.02,-0.22,1.00,-160.52,-2.38,40.16
76388,0.02,-0.44,0.81,-176.94,-5.07,31.49
76389,-0.01,-0.56,0.63,-162.41,-2.87,25.39
76390,0.11,-0.74,0.46,-91.67,9.09,10.01
76391,0.08,-0.68,0.63,-35.10,35.83,12.94
76392,-0.15,-0.66,0.68,-36.62,12.57,7.02
76393,-0.07,-0.73,0.62,-32.41,-10.01,-7.39
76394,0.03,-0.75,0.54,-4.88,2.08,-9.03
76395,-0.09,-0.71,0.58,33.81,12.82,-9.34
76396,-0.07,-0.67,0.67,48.77,3.05,-20.02
76397,-0.03,-0.68,0.65,51.76,-22.09,-16.60
76398,0.07,-0.65,0.55,106.08,-30.94,-18.37
76399,0.04,-0.54,0.82,126.89,7.69,-19.78
76400,0.01,-0.42,0.97,93.51,-27.77,-14.65
76401,0.04,-0.47,0.78,91.00,-49.93,-11.29
76402,0.04,-0.29,1.02,105.47,7.87,-20.26
76403,0.00,-0.16,1.17,62.01,-22.95,-7.14
76404,0.06,-0.24,1.05,31.62,-19.29,-4.39
76405,0.07,-0.18,1.07,15.56,-1.89,-9.28
76406,0.05,-0.18,1.10,-6.59,-3.36,-3.72
76407,0.08,-0.28,0.91,-24.78,-13.18,0.73
76408,0.07,-0.31,0.82,-5.62,-0.67,-3.36
76409,0.07,-0.24,1.00,4.58,-2.01,-4.27
76410,0.06,-0.25,1.00,-6.90,-6.84,-2.69
76411,0.06,-0.29,0.88,-2.01,-6.65,-3.17
76412,0.06,-0.24,0.99,6.90,-2.87,-5.55
76413,0.07,-0.23,1.01,-1.22,-5.19,-4.46
76414,0.08,-0.29,0.90,-3.30,-6.77,-2.93
76415,0.05,-0.27,0.95,5.37,-2.69,-4.52
76416,0.09,-0.24,1.00,2.62,-6.96,-3.30
76417,0.04,-0.26,0.97,-1.10,-1.53,-3.30
76418,0.07,-0.27,0.93,1.16,-3.97,-3.91
76419,0.07,-0.25,0.98,2.01,-6.10,-3.60
76420,0.06,-0.25,0.98,1.10,-5.00,-2.81
76421,0.05,-0.26,0.95,1.71,-12.27,-3.23
76422,0.10,-0.25,0.95,6.29,-25.15,-2.69
76423,0.02,-0.21,1.00,10.74,-44.62,0.12
76424,0.22,-0.14,1.17,-25.82,-136.60,30.15
76425,0.21,-0.33,0.86,-48.95,-134.09,38.51
76426,0.28,-0.41,0.69,-3.54,-65.86,3.36
76427,0.30,-0.34,0.83,24.72,-27.77,-27.28
76428,0.40,-0.27,0.91,20.26,-27.95,-21.79
76429,0.40,-0.25,0.96,17.64,-5.62,-14.71
76430,0.39,-0.19,1.02,7.45,27.04,-13.00
76431,0.36,-0.23,0.96,-5.43,44.07,-9.03
76432,0.36,-0.27,0.93,-8.18,80.57,-17.52
76433,0.11,-0.20,1.05,-19.17,131.23,-27.40
76434,0.18,-0.27,0.86,-21.85,29.42,-9.52
76435,0.14,-0.33,0.88,-7.51,3.85,-1.89
76436,0.08,-0.32,0.90,1.22,11.35,-9.40
76437,0.16,-0.26,0.97,1.95,-4.88,-3.30
76438,0.11,-0.29,0.94,-0.67,-10.68,0.98
76439,0.09,-0.29,0.93,6.16,-3.91,-4.94
76440,0.13,-0.26,0.99,5.07,-4.82,-1.89
76441,0.12,-0.28,0.95,-2.20,-11.47,-0.31
76442,0.12,-0.29,0.93,1.40,-6.47,-2.32
76443,0.11,-0.26,0.96,3.42,-4.09,-2.75
76444,0.14,-0.26,0.98,0.37,-5.37,-1.71
76445,0.11,-0.29,0.95,-2.69,-2.38,-1.77
76446,0.13,-0.27,0.94,1.95,-3.60,-3.36
76447,0.13,-0.25,0.98,0.73,-3.36,0.37
76448,0.09,-0.29,0.92,-2.38,-7.87,-0.73
76449,0.13,-0.27,0.94,2.44,-6.90,-2.93
76450,0.12,-0.28,0.96,1.16,-4.21,-1.34
76451,0.11,-0.27,0.95,0.06,-4.94,-3.72
76452,0.15,-0.27,0.95,3.78,-3.97,-5.49
76453,0.11,-0.27,0.96,2.75,-2.14,-2.08
76454,0.10,-0.31,0.88,8.79,3.91,-7.39
76455,0.13,-0.31,0.76,49.56,47.06,-33.02
76456,0.07,-0.19,0.95,76.23,51.70,-29.60
76457,0.04,-0.09,0.99,59.51,-14.71,-11.11
76458,0.03,-0.14,0.90,64.33,-15.44,-17.33
76459,0.08,0.04,1.13,72.81,-3.66,-21.30
76460,0.08,0.08,1.22,20.51,-21.67,-1.46
76461,0.09,0.00,1.06,-5.49,-24.66,6.35
76462,0.12,-0.02,1.02,-3.17,-0.79,-1.53
76463,0.07,0.02,1.08,-18.62,-3.91,2.01
76464,0.11,0.06,1.20,-43.70,-20.69,8.00
76465,0.14,0.00,1.22,-106.99,7.93,21.00
76466,0.02,-0.07,1.08,-135.74,36.87,19.17
76467,-0.01,-0.18,0.97,-151.25,9.34,26.31
76468,-0.00,-0.30,0.88,-161.56,-2.87,27.83
76469,0.00,-0.54,0.60,-148.07,3.36,13.43
76470,0.07,-0.73,0.45,-76.90,17.33,0.79
76471,0.10,-0.72,0.54,-27.53,2.14,-2.44
76472,0.05,-0.63,0.75,0.24,0.55,-1.46
76473,-0.01,-0.60,0.82,-0.73,1.34,3.78
76474,-0.03,-0.60,0.78,1.59,-7.63,-2.75
76475,0.02,-0.63,0.74,14.53,10.56,-5.92
76476,-0.08,-0.60,0.68,32.17,-6.10,-9.46
76477,0.03,-0.60,0.65,49.56,-32.29,-6.96
76478,-0.01,-0.60,0.65,72.94,-23.44,-14.34
76479,0.06,-0.44,0.73,113.65,-37.35,-25.76
76480,0.15,-0.36,0.94,121.95,-30.33,-19.71
76481,0.15,-0.22,1.14,87.59,-10.62,-17.82
76482,0.04,-0.15,1.18,49.32,-9.77,-2.87
76483,0.07,-0.16,1.18,10.19,-18.01,-4.09
76484,0.09,-0.25,0.99,-13.18,0.43,-1.40
76485,0.11,-0.29,0.87,-5.37,0.12,-4.58
76486,0.11,-0.28,0.93,6.41,-3.30,-4.64
76487,0.10,-0.25,1.00,-2.81,-7.87,-0.31
76488,0.10,-0.27,0.94,-3.78,-8.06,0.18
76489,0.10,-0.26,0.96,3.36,-2.62,-4.15
76490,0.11,-0.25,0.99,-0.55,-1.83,-3.72
76491,0.10,-0.28,0.93,-2.93,-10.19,-1.40
76492,0.09,-0.30,0.90,2.69,-5.37,-2.32
76493,0.09,-0.24,1.01,8.06,-1.34,-3.66
76494,0.11,-0.25,0.98,-4.27,-7.75,-0.98
76495,0.11,-0.27,0.96,-4.46,-7.63,1.95
76496,0.09,-0.26,0.97,-2.20,-8.54,2.93
76497,0.09,-0.27,0.95,-5.07,-14.28,1.40
76498,0.13,-0.28,0.93,-3.97,-30.88,2.38
76499,0.09,-0.29,0.92,0.18,-60.91,6.71
76500,0.25,-0.29,0.92,10.31,-96.50,12.63
76501,0.26,-0.29,0.94,6.10,-73.85,9.95
76502,0.26,-0.28,0.89,7.02,-54.99,3.85
76503,0.29,-0.24,0.92,7.81,-30.88,-4.21
76504,0.31,-0.26,0.90,10.13,-20.32,-7.39
76505,0.35,-0.25,0.94,8.79,-10.86,-9.64
76506,0.35,-0.22,0.99,2.56,9.58,-7.20
76507,0.37,-0.20,1.00,-8.30,17.03,-2.08
76508,0.34,-0.28,0.96,-27.53,74.77,-5.98
76509,0.17,-0.24,1.01,-32.59,158.51,-27.47
76510,0.10,-0.23,1.01,-48.10,140.99,-25.57
76511,-0.00,-0.33,0.89,-48.10,94.60,-27.47
76512,0.01,-0.41,0.86,-39.43,65.55,-25.57
76513,-0.08,-0.44,0.80,-28.08,19.41,1.10
76514,-0.09,-0.44,0.79,-13.06,0.73,-2.26
76515,-0.07,-0.41,0.86,4.88,-7.69,-3.48
76516,-0.07,-0.39,0.91,7.87,-8.06,-1.53
76517,-0.02,-0.39,0.96,5.68,15.99,-7.57
76518,0.09,-0.44,0.78,20.39,135.25,-33.33
76519,-0.22,-0.43,0.80,43.52,232.36,-39.86
76520,-0.58,-0.28,0.93,32.47,181.15,-59.63
76521,-0.46,-0.20,0.95,-6.41,90.70,-30.70
76522,-0.58,-0.37,0.70,-22.52,30.88,-14.40
76523,-0.54,-0.38,0.73,-21.48,-22.40,1.40
76524,-0.46,-0.45,0.63,-9.34,-65.67,9.40
76525,-0.44,-0.38,0.65,26.25,-157.78,37.90
76526,-0.17,-0.35,0.78,35.28,-224.67,37.35
76527,0.13,-0.41,0.83,53.65,-182.13,36.99
76528,-0.01,-0.28,1.05,60.42,-100.77,39.25
76529,-0.07,-0.18,1.11,38.02,-41.02,0.37
76530,0.00,-0.15,1.07,8.48,-23.56,1.40
76531,-0.05,-0.21,1.03,-1.53,-13.18,0.55
76532,-0.04,-0.24,0.95,-6.35,-2.93,-6.04
76533,0.02,-0.24,0.94,-6.04,-17.76,-1.46
76534,0.04,-0.24,0.96,-6.04,-18.68,-2.56
76535,0.00,-0.27,0.93,14.22,-0.61,-3.54
76536,0.04,-0.24,0.95,4.58,-8.73,-3.11
76537,0.01,-0.22,0.99,4.64,-4.88,-3.23
76538,0.01,-0.25,0.94,9.95,8.67,-8.97
76539,-0.02,-0.20,1.04,9.28,16.66,-3.05
76540,-0.04,-0.23,0.95,4.58,27.89,-7.14
76541,-0.04,-0.20,0.90,24.96,5.86,-9.34
76542,-0.02,-0.26,0.84,39.06,-18.37,1.10
76543,0.03,-0.18,0.87,75.74,-36.13,-15.26
76544,-0.04,-0.05,1.13,59.20,-28.02,-4.21
76545,-0.07,-0.03,1.10,31.56,-31.92,-10.38
76546,0.15,-0.05,0.92,26.25,-23.74,-8.61
76547,-0.03,0.01,1.04,31.01,-5.43,-5.49
76548,0.08,0.04,1.11,7.75,-12.08,-5.25
76549,0.06,0.00,1.08,-22.58,0.18,7.51
76550,0.03,-0.01,1.05,-34.48,19.41,4.27
76551,0.02,-0.04,1.06,-63.84,26.18,11.35
76552,-0.02,-0.07,1.04,-78.67,26.18,15.93
76553,-0.00,-0.20,0.96,-97.47,30.76,38.94
76554,-0.15,-0.22,0.94,-84.90,6.77,20.94
76555,-0.06,-0.29,0.93,-79.16,-13.43,12.02
76556,-0.03,-0.43,0.77,-60.06,-5.80,8.42
76557,-0.08,-0.46,0.75,-26.49,26.73,1.40
76558,-0.06,-0.37,0.91,-4.21,2.87,-4.52
76559,-0.07,-0.37,0.94,-9.03,-6.16,7.02
76560,-0.13,-0.39,0.92,-17.58,1.89,4.03
76561,-0.12,-0.40,0.89,-21.67,4.70,-2.38
76562,-0.07,-0.38,0.94,-23.32,-8.91,4.70
76563,-0.07,-0.40,1.03,-37.05,-8.18,8.91
76564,-0.21,-0.42,0.99,-65.61,8.36,7.26
76565,-0.18,-0.46,0.83,-91.06,-21.06,4.15
76566,-0.11,-0.54,0.69,-89.23,-20.75,1.77
76567,-0.13,-0.66,0.59,-67.69,-10.19,-7.20
76568,-0.07,-0.67,0.60,-29.17,-9.09,-16.36
76569,-0.04,-0.70,0.61,-8.12,-6.04,-7.20
76570,-0.07,-0.68,0.70,6.65,-10.25,-4.82
76571,-0.08,-0.67,0.70,9.40,-11.60,-6.59
76572,-0.14,-0.70,0.58,30.64,-3.72,-9.46
76573,-0.08,-0.65,0.46,94.67,-62.19,-18.37
76574,0.05,-0.56,0.68,129.39,-73.79,-27.71
76575,0.12,-0.48,0.74,130.92,-44.68,-21.48
76576,0.05,-0.29,0.94,136.96,-53.77,-24.11
76577,0.17,-0.07,1.29,100.59,-2.14,-37.66
76578,0.02,-0.10,1.27,16.60,-15.38,-3.91
76579,0.12,-0.20,1.06,-21.12,-20.94,4.88
76580,0.09,-0.32,0.89,-22.71,4.58,-2.56
76581,0.13,-0.33,0.83,-6.84,3.30,-6.16
76582,0.10,-0.31,0.91,4.21,-4.76,-2.62
76583,0.08,-0.30,0.90,6.04,-29.91,-5.19
76584,0.11,-0.25,0.97,12.76,-13.67,-7.93
76585,0.11,-0.25,1.01,5.25,-5.43,-7.93
76586,0.14,-0.25,1.02,-4.64,-0.43,-3.30
76587,0.18,-0.23,1.05,-19.35,2.99,9.40
76588,0.07,-0.22,1.13,-46.08,22.52,20.08
76589,-0.00,-0.21,1.12,-86.91,37.41,15.32
76590,0.02,-0.30,0.95,-112.18,12.94,18.43
76591,-0.06,-0.44,0.84,-127.75,-2.44,22.77
76592,0.04,-0.69,0.50,-99.55,20.81,3.17
76593,0.04,-0.73,0.48,-41.87,45.47,1.53
76594,-0.09,-0.66,0.63,-8.12,4.46,2.56
76595,-0.11,-0.66,0.63,0.79,-14.71,-15.08
76596,-0.00,-0.62,0.72,24.72,-4.27,-14.65
76597,-0.10,-0.60,0.72,42.85,-5.07,-13.37
76598,0.00,-0.57,0.74,54.99,-17.82,-14.77
76599,0.02,-0.58,0.62,84.05,-34.42,-10.13
76600,-0.01,-0.44,0.76,107.30,-40.47,-16.66
76601,0.08,-0.24,0.88,117.00,-45.59,-15.20
76602,0.08,-0.21,1.12,102.60,-38.27,-12.57
76603,0.13,-0.15,1.13,74.40,-28.93,-26.67
76604,0.17,-0.11,1.10,44.86,-30.88,-4.46
76605,0.13,-0.19,1.01,28.44,-21.97,-4.39
76606,0.19,-0.15,0.99,34.00,-17.88,-15.87
76607,0.20,-0.13,0.99,27.83,-28.99,-4.46
76608,0.14,-0.13,0.94,35.28,-15.44,-20.08
76609,0.20,0.00,1.13,21.18,-12.08,-11.90
76610,0.18,-0.08,0.98,4.21,-21.42,-3.30
76611,0.25,-0.07,1.00,7.45,-1.59,-10.62
76612,0.24,-0.05,1.05,-1.59,2.08,-2.26
76613,0.22,-0.06,1.04,-15.38,-8.85,7.57
76614,0.20,-0.05,1.08,-33.87,-8.73,14.16
76615,0.23,-0.06,1.13,-57.01,-5.86,23.74
76616,0.18,-0.12,1.07,-88.81,28.50,27.16
76617,0.06,-0.18,0.99,-103.52,36.68,20.75
76618,0.10,-0.32,0.84,-106.14,20.32,17.70
76619,0.08,-0.53,0.69,-87.10,3.23,8.06
76620,0.17,-0.60,0.58,-23.86,-17.09,1.16
76621,0.12,-0.47,0.82,17.70,-11.72,-7.93
76622,0.14,-0.40,0.91,19.47,-7.75,-7.51
76623,0.12,-0.36,0.97,10.31,-9.83,-5.49
76624,0.15,-0.39,0.94,3.60,-5.68,-6.65
76625,0.15,-0.41,0.89,6.96,-6.47,-4.33
76626,0.19,-0.56,0.60,34.36,22.64,-21.24
76627,0.08,-0.35,0.79,69.21,23.19,-24.11
76628,0.17,-0.33,0.82,72.94,-23.86,-10.38
76629,0.11,-0.25,0.88,90.88,2.69,-23.50
76630,0.13,-0.01,1.24,74.04,0.00,-17.82
76631,0.13,-0.02,1.23,27.22,-18.43,13.79
76632,0.16,-0.11,1.05,-0.49,-15.87,-0.31
76633,0.16,-0.13,1.05,-12.51,-3.72,-0.98
76634,0.14,-0.14,1.03,-25.51,-3.60,3.60
76635,0.17,-0.20,0.95,-33.81,-15.14,9.70
76636,0.17,-0.20,0.97,-29.48,-4.94,9.89
76637,0.20,-0.16,1.11,-42.54,21.79,14.34
76638,0.16,-0.15,1.16,-80.75,39.18,27.47
76639,-0.00,-0.22,1.08,-116.94,30.27,37.17
76640,0.00,-0.37,0.83,-141.85,1.22,28.63
76641,-0.02,-0.57,0.62,-135.50,-5.74,21.61
76642,0.03,-0.74,0.37,-72.45,12.21,2.75
76643,-0.01,-0.74,0.47,-16.66,17.52,-8.61
76644,0.07,-0.60,0.80,13.67,3.42,-12.21
76645,-0.06,-0.57,0.84,1.53,-0.55,-7.51
76646,0.03,-0.59,0.80,-0.43,-3.42,-9.58
76647,0.00,-0.59,0.81,3.60,-0.73,-6.35
76648,0.05,-0.58,0.80,1.16,-1.10,-8.54
76649,0.00,-0.60,0.77,1.04,-5.49,-4.88
76650,0.00,-0.59,0.78,2.38,-8.61,-0.98
76651,0.04,-0.58,0.80,2.81,-10.19,-1.95
76652,0.03,-0.58,0.82,1.53,-9.22,0.85
76653,0.01,-0.59,0.80,-1.10,-6.65,-0.18
76654,-0.01,-0.60,0.77,-1.04,-2.81,-2.62
76655,0.02,-0.59,0.79,2.14,-4.09,-3.42
76656,0.06,-0.57,0.83,2.14,-5.00,-4.21
76657,0.00,-0.60,0.78,-2.01,-3.97,-3.97
76658,-0.01,-0.59,0.77,2.44,-1.95,-6.47
76659,0.01,-0.58,0.82,0.85,-5.49,-0.85
76660,0.01,-0.59,0.80,-1.89,-3.91,-1.89
76661,0.01,-0.59,0.78,0.55,-3.60,-3.30
76662,0.01,-0.59,0.80,1.16,-4.64,-2.75
76663,0.02,-0.58,0.80,0.49,-5.55,-2.50
76664,-0.00,-0.59,0.79,0.55,-5.31,-3.23
76665,0.01,-0.59,0.78,2.93,-4.33,-5.80
76666,0.00,-0.59,0.79,2.93,-4.39,-6.47
76667,0.01,-0.59,0.78,3.91,-5.31,-9.03
76668,0.02,-0.58,0.80,8.79,-3.85,-8.79
76669,0.02,-0.56,0.82,10.44,-3.72,-9.40
76670,0.03,-0.57,0.82,8.30,-6.71,-9.58
76671,0.03,-0.57,0.79,9.03,-13.61,-6.77
76672,0.03,-0.56,0.81,11.54,-18.31,-4.46
76673,0.05,-0.56,0.83,10.44,-7.87,-9.16
76674,0.04,-0.54,0.83,7.63,-6.35,-12.08
76675,0.07,-0.53,0.85,8.00,-4.64,-10.31
76676,0.07,-0.54,0.86,1.34,-4.88,-4.03
76677,0.06,-0.54,0.83,-0.61,-5.43,-3.72
76678,0.05,-0.54,0.82,1.34,-6.96,-3.97
76679,0.07,-0.53,0.84,3.11,-7.14,-3.11
76680,0.06,-0.54,0.84,1.04,-2.87,-4.15
76681,0.07,-0.53,0.85,2.08,-0.67,-6.53
76682,0.07,-0.53,0.85,0.61,1.46,-5.49
76683,0.05,-0.53,0.83,-2.69,3.36,-3.72
76684,0.06,-0.54,0.82,-1.65,0.79,-3.85
76685,0.04,-0.55,0.81,-1.83,-1.65,-3.11
76686,0.05,-0.54,0.81,1.53,-4.21,-2.75
76687,0.03,-0.54,0.80,4.58,-4.70,-2.20
76688,0.04,-0.53,0.81,7.14,-3.72,-5.07
76689,0.04,-0.52,0.82,7.93,-1.71,-5.13
76690,0.05,-0.54,0.80,8.48,-4.21,-4.94
76691,0.03,-0.55,0.79,16.24,-4.76,-5.19
76692,0.04,-0.52,0.77,35.34,14.28,-12.45
76693,0.03,-0.47,0.85,51.09,24.66,-14.34
76694,-0.03,-0.34,1.02,39.98,11.05,-13.73
76695,0.04,-0.39,0.98,18.01,-10.62,-6.71
76696,0.04,-0.38,0.96,5.55,-10.99,-2.56
76697,0.05,-0.37,1.00,8.48,-6.90,-2.26
76698,0.05,-0.42,0.87,2.26,-4.39,-3.36
76699,0.04,-0.43,0.85,4.33,-5.13,-3.60
76700,0.01,-0.44,0.87,9.46,2.75,-6.71
76701,0.02,-0.38,0.94,11.11,-5.00,-1.10
76702,0.04,-0.40,0.89,4.76,-11.23,-0.24
76703,0.04,-0.38,0.94,8.91,-10.19,-0.98
76704,0.06,-0.39,0.95,5.00,-8.24,-2.87
76705,0.03,-0.33,0.96,3.36,0.18,-6.10
76706,-0.01,-0.32,0.93,3.78,2.99,-5.74
76707,-0.00,-0.35,0.90,9.22,6.59,-8.12
76708,0.03,-0.41,0.86,16.72,11.11,-7.63
76709,0.03,-0.40,0.80,38.88,-1.65,-11.66
76710,0.03,-0.36,0.93,54.26,8.36,-14.53
76711,-0.03,-0.25,1.08,33.45,-0.67,-6.29
76712,0.03,-0.26,0.98,16.54,-6.04,-7.81
76713,0.02,-0.30,0.89,23.13,0.24,-7.81
76714,0.01,-0.21,0.96,36.99,-0.37,-8.54
76715,0.07,-0.23,0.99,35.46,-14.95,-6.53
76716,-0.02,-0.17,1.04,30.03,-10.93,-2.87
76717,0.08,-0.15,0.98,19.29,-15.87,-3.66
76718,-0.01,-0.11,1.00,18.68,-10.74,-2.62
76719,0.05,-0.15,0.99,16.11,-8.18,-7.63
76720,0.06,-0.14,0.97,15.87,-6.96,-7.20
76721,0.04,-0.12,1.01,13.67,-7.26,-4.94
76722,0.06,-0.13,0.99,9.28,-10.01,-2.08
76723,0.05,-0.12,0.97,12.88,-7.75,-4.09
76724,0.05,-0.09,1.02,15.38,-10.01,-3.54
76725,0.05,-0.08,1.03,10.19,-6.04,-3.72
76726,0.06,-0.09,0.98,8.61,-5.62,-3.91
76727,0.06,-0.07,1.02,10.07,-5.19,-5.00
76728,0.06,-0.08,1.00,2.87,-7.69,-3.17
76729,0.09,-0.08,0.98,6.29,-5.68,-4.09
76730,0.07,-0.06,1.02,5.25,-8.48,-4.64
76731,0.06,-0.07,1.01,-0.55,-5.25,-2.44
76732,0.07,-0.06,1.01,-0.12,-3.30,-2.81
76733,0.07,-0.05,1.05,-7.57,0.31,-4.33
76734,0.07,-0.01,1.11,-18.80,5.55,-0.98
76735,0.03,-0.03,1.16,-54.93,13.12,2.69
76736,0.03,-0.13,1.03,-76.23,27.77,-3.05
76737,0.00,-0.16,0.93,-76.60,27.89,-5.07
76738,-0.00,-0.28,0.89,-68.24,21.30,-2.32
76739,-0.02,-0.33,0.86,-59.88,4.76,-1.89
76740,-0.00,-0.39,0.82,-43.09,3.54,-8.18
76741,0.02,-0.36,0.91,-22.64,16.36,-5.43
76742,-0.09,-0.36,0.98,-25.88,22.40,-9.89
76743,-0.06,-0.46,0.86,-33.20,7.32,-2.75
76744,-0.05,-0.43,0.84,-24.96,3.30,-4.70
76745,-0.07,-0.43,0.91,-18.92,13.55,-5.92
76746,-0.13,-0.42,0.92,-24.41,4.64,-4.94
76747,-0.08,-0.47,0.84,-25.94,-5.55,-6.16
76748,-0.06,-0.51,0.81,-13.73,2.44,-3.78
76749,-0.11,-0.50,0.85,-5.98,2.32,-2.87
76750,-0.08,-0.47,0.88,-5.25,-5.49,-3.48
76751,-0.09,-0.47,0.87,-6.65,-4.33,-2.75
76752,-0.11,-0.50,0.83,-8.42,-1.16,-2.87
76753,-0.09,-0.50,0.81,-4.21,-8.67,-3.91
76754,-0.09,-0.51,0.78,2.08,-12.88,-1.65
76755,-0.07,-0.54,0.74,18.01,-24.84,-0.18
76756,0.03,-0.54,0.72,42.24,-8.85,-2.01
76757,-0.19,-0.44,0.76,65.25,-14.83,5.43
76758,0.05,-0.37,0.80,79.35,-75.50,14.40
76759,-0.03,-0.33,0.95,88.62,-16.91,0.79
76760,0.01,-0.17,1.08,71.90,-25.70,0.92
76761,-0.02,-0.18,1.07,52.12,-30.40,7.20
76762,0.05,-0.16,0.99,50.05,-17.70,-4.46
76763,0.01,-0.10,1.09,41.69,-12.57,0.98
76764,0.03,-0.14,0.97,24.11,-33.57,3.11
76765,0.12,-0.10,0.99,37.48,-25.76,5.43
76766,0.05,-0.04,1.13,29.91,-9.28,-3.97
76767,0.05,0.00,1.17,-6.35,-8.79,3.05
76768,0.03,-0.03,1.12,-32.53,-1.46,2.69
76769,0.04,-0.11,1.02,-53.65,-14.04,4.03
76770,0.10,-0.17,1.01,-56.64,-36.13,9.16
76771,0.15,-0.23,0.97,-64.76,-30.46,9.95
76772,0.10,-0.31,0.87,-56.21,2.32,6.96
76773,0.11,-0.35,0.83,-39.06,8.73,-1.83
76774,0.07,-0.30,0.93,-16.17,4.76,-5.37
76775,0.08,-0.33,0.94,-11.78,8.73,-4.88
76776,0.07,-0.31,0.96,-14.10,15.75,-6.47
76777,0.08,-0.32,0.95,-15.93,17.46,-8.48
76778,0.04,-0.38,0.87,-10.86,20.57,-10.93
76779,0.03,-0.36,0.88,1.83,13.18,-8.67
76780,0.01,-0.37,0.89,2.08,-1.89,-3.54
76781,0.00,-0.43,0.76,17.46,-3.36,-7.75
76782,0.06,-0.35,0.82,44.62,-7.87,-8.73
76783,-0.00,-0.24,1.03,42.11,-20.39,-3.48
76784,0.05,-0.26,1.00,20.94,-40.95,-3.78
76785,0.14,-0.27,0.91,24.11,-49.50,-4.39
76786,0.09,-0.22,0.97,32.41,-42.05,3.85
76787,0.17,-0.18,1.03,30.03,-39.67,2.75
76788,0.16,-0.20,0.99,15.44,-27.16,1.46
76789,0.20,-0.16,1.02,16.85,-17.64,0.37
76790,0.18,-0.14,1.07,6.65,-12.45,-1.16
76791,0.18,-0.15,1.05,-9.83,-1.65,0.00
76792,0.18,-0.18,0.99,-18.49,3.91,0.31
76793,0.17,-0.17,1.07,-30.03,18.74,1.04
76794,0.15,-0.18,1.07,-51.03,39.18,-0.55
76795,0.11,-0.23,1.01,-72.63,44.68,1.95
76796,0.04,-0.32,0.92,-82.64,13.18,6.47
76797,0.13,-0.41,0.84,-82.15,5.00,5.68
76798,0.10,-0.54,0.75,-63.35,25.15,-1.53
76799,0.05,-0.54,0.73,-39.06,25.27,-5.07
76800,-0.01,-0.50,0.81,-17.70,14.77,-4.46
76801,-0.00,-0.50,0.84,-12.45,8.67,-3.85
76802,-0.01,-0.50,0.86,-10.50,12.21,-6.47
76803,0.00,-0.50,0.87,-10.99,8.00,-3.42
76804,-0.01,-0.50,0.86,-13.43,7.69,-2.32
76805,-0.03,-0.52,0.84,-15.08,11.47,-4.58
76806,-0.03,-0.53,0.84,-15.38,8.42,-2.62
76807,-0.07,-0.53,0.82,-17.82,1.10,-1.16
76808,-0.03,-0.55,0.81,-21.85,-3.54,-2.38
76809,-0.06,-0.58,0.79,-22.34,-2.20,1.10
76810,-0.03,-0.60,0.79,-18.55,1.40,-3.97
76811,-0.04,-0.60,0.78,-15.75,1.22,-2.81
76812,-0.03,-0.61,0.77,-14.47,1.71,-3.54
76813,-0.05,-0.61,0.77,-11.11,-0.18,-1.53
76814,-0.06,-0.61,0.77,-9.22,0.92,-2.75
76815,-0.07,-0.62,0.76,-7.57,2.87,-4.58
76816,-0.05,-0.60,0.80,-5.86,5.98,-3.60
76817,-0.10,-0.62,0.77,-13.61,2.44,-1.04
76818,-0.08,-0.63,0.74,-13.37,4.82,-5.37
76819,-0.07,-0.64,0.73,-12.33,4.39,-1.59
76820,-0.08,-0.65,0.73,-10.01,2.50,-3.66
76821,-0.09,-0.65,0.73,-8.06,2.44,-2.50
76822,-0.11,-0.66,0.72,-7.69,4.03,-4.21
76823,-0.10,-0.64,0.75,-4.58,3.42,-5.62
76824,-0.09,-0.66,0.72,-5.00,-1.28,-4.27
76825,-0.11,-0.65,0.76,-8.30,10.19,-4.82
76826,-0.11,-0.68,0.70,-12.21,7.32,-4.15
76827,-0.12,-0.68,0.69,-5.62,5.37,-4.27
76828,-0.13,-0.68,0.70,-3.11,2.69,-3.05
76829,-0.12,-0.68,0.70,-1.28,-3.30,-2.69
76830,-0.12,-0.68,0.69,1.71,-6.41,-1.16
76831,-0.14,-0.67,0.69,3.97,-10.62,-0.98
76832,-0.14,-0.71,0.61,9.58,-28.63,2.44
76833,-0.16,-0.73,0.53,31.31,-58.59,7.02
76834,-0.02,-0.68,0.50,78.49,-119.20,17.40
76835,0.09,-0.59,0.62,104.25,-126.59,28.99
76836,0.06,-0.47,0.80,124.94,-128.54,4.76
76837,0.28,-0.37,0.94,117.86,-77.21,-11.84
76838,0.25,-0.23,1.04,96.92,-57.92,-2.26
76839,0.17,-0.19,1.12,56.46,-18.37,-15.56
76840,0.25,-0.17,1.11,35.34,-13.18,-13.61
76841,0.26,-0.20,1.12,2.75,-1.65,-7.08
76842,0.20,-0.27,0.95,-14.22,7.02,-6.23
76843,0.20,-0.29,0.89,-5.86,-2.99,-1.65
76844,0.18,-0.29,0.93,-0.18,3.05,-3.60
76845,0.19,-0.27,0.93,1.59,-0.06,-5.68
76846,0.20,-0.27,0.97,1.89,-3.23,-6.16
76847,0.21,-0.29,0.94,0.06,-5.13,-4.27
76848,0.18,-0.27,0.96,-1.77,-1.04,-3.97
76849,0.19,-0.28,0.94,-3.05,-1.10,-5.31
76850,0.19,-0.28,0.95,-3.66,-0.61,-5.00
76851,0.17,-0.29,0.92,-4.70,-1.10,-4.15
76852,0.17,-0.29,0.93,-3.11,0.49,-5.86
76853,0.19,-0.28,0.97,-4.03,7.14,-5.80
76854,0.17,-0.28,0.97,-10.74,6.29,-2.93
76855,0.17,-0.29,0.96,-15.69,9.64,-3.54
76856,0.15,-0.29,0.99,-23.62,22.34,-3.11
76857,0.11,-0.30,0.98,-31.62,25.51,-3.17
76858,0.16,-0.38,0.89,-36.07,19.23,-3.11
76859,0.11,-0.39,0.89,-32.65,21.30,-2.44
76860,0.04,-0.36,0.91,-24.96,15.87,-4.70
76861,0.08,-0.41,0.89,-19.84,15.32,-2.50
76862,0.05,-0.42,0.91,-21.24,14.40,-1.95
76863,-0.00,-0.41,0.95,-23.62,20.39,-6.96
76864,0.03,-0.44,0.88,-24.11,16.24,-3.72
76865,0.02,-0.50,0.83,-20.39,2.44,-3.36
76866,0.04,-0.51,0.82,-12.51,2.08,-5.19
76867,-0.00,-0.49,0.83,-3.97,-1.89,-3.17
76868,0.02,-0.47,0.88,-0.67,-2.75,-3.85
76869,-0.00,-0.48,0.88,-4.82,-0.12,-1.34
76870,0.01,-0.48,0.89,-7.81,6.65,-4.33
76871,0.01,-0.48,0.90,-11.90,7.26,-2.38
76872,-0.00,-0.50,0.87,-18.31,10.07,-4.46
76873,-0.00,-0.51,0.87,-22.83,18.43,-5.31
76874,-0.06,-0.51,0.83,-26.61,20.14,-4.88
76875,-0.03,-0.55,0.81,-25.02,14.10,-1.77
76876,-0.09,-0.57,0.80,-24.54,22.28,-1.28
76877,-0.08,-0.59,0.76,-20.39,12.63,-7.14
76878,-0.07,-0.60,0.74,-14.16,8.73,-4.76
76879,-0.11,-0.59,0.76,-7.81,7.08,-4.09
76880,-0.10,-0.61,0.73,-1.34,-1.10,-3.97
76881,-0.10,-0.60,0.76,5.98,-5.19,-3.42
76882,-0.10,-0.60,0.73,13.31,-0.73,-5.86
76883,-0.07,-0.63,0.67,23.32,0.24,-7.08
76884,-0.11,-0.60,0.66,52.86,-2.69,-2.50
76885,-0.06,-0.52,0.74,74.95,-28.02,-2.08
76886,-0.06,-0.44,0.88,76.78,-25.02,-1.04
76887,-0.08,-0.37,0.91,69.40,-30.52,0.73
76888,-0.04,-0.33,1.00,62.38,-25.88,-2.75
76889,-0.05,-0.32,0.96,47.91,-33.26,-3.66
76890,0.01,-0.32,0.92,46.14,-25.33,-6.10
76891,0.02,-0.25,1.02,45.59,-23.74,-14.10
76892,0.05,-0.23,1.00,34.79,-30.40,-1.34
76893,0.02,-0.21,1.03,25.15,-26.92,0.85
76894,0.08,-0.18,1.04,14.65,-17.88,-3.42
76895,0.04,-0.19,1.04,5.62,-12.82,-0.12
76896,0.06,-0.20,1.01,-4.88,-8.48,-2.01
76897,0.07,-0.22,0.98,-7.87,-4.39,-2.38
76898,0.05,-0.23,0.97,-7.75,-0.49,-4.09
76899,0.05,-0.22,1.01,-11.96,-5.37,-6.41
76900,0.07,-0.21,1.06,-24.05,-6.90,-6.59
76901,0.03,-0.22,1.09,-46.39,11.66,-10.74
76902,0.02,-0.23,1.04,-64.45,16.91,-10.07
